source,id,line
cc-100,cc-100_446088,発展を遂げた貨幣経済に対して、後戻りする形の改革が、民衆に受け入れられるはずもありません。
cc-100,cc-100_446387,東京都渋谷区本町１丁目４−１４ ホームヘルパー（パート：茂原）
cc-100,cc-100_446430,同時に、発表しあう場を増やしたいです。まず、自分の考えを発表するためには、しっかりと自分の考えを持っていなくてはいけません。そのために、ますますノートの必要性を感じることでしょう。また、質問や意見に答えることで、考えが深まります。友達の意見を聞くことが、より理解を深めることを実感してほしいです。
cc-100,cc-100_446493,※特典の数に限りがございますので、対象商品はお早めにお買い求めください。特典は無くなり次第終了となります。
cc-100,cc-100_446543,ハリウッドスターってもっと豪華な生活を送っているのかと思えば、キアヌ・リーブスってかなり質素なんですね。
